Days,Plant Height
0.05,0.0662142
0.1,0.142466587
0.15,0.179078278
0.2,0.255330665
0.25,0.291942356
0.3,0.368194742
0.35,0.424626781
0.4,0.48105882
0.45,0.517670511
0.5,0.593922898
0.55,0.650354937
0.6,0.686966627
0.65,0.743398666
0.7,0.819651053
0.75,0.856262744
0.8,0.932515131
0.85,0.969126822
0.9,1.045379208
0.95,1.0453
1,1.00622
